{
  "type": "object",
  "javaType": "com.bdt.kafka.types.PosInvoice",
  "properties": {
    "InvoiceNumber": {
      "type": "string"
    },
    "CreatedTime": {
      "javaType": "java.lang.Long",
      "type": "object"
    },
    "StoreID": {
      "type": "string"
    },
    "PosID": {
      "type": "string"
    },
    "CashierID": {
      "type": "string"
    },
    "CustomerType": {
      "type": "string"
    },
    "CustomerCardNo": {
      "type": "string"
    },
    "TotalAmount": {
      "type": "number"
    },
    "NumberOfItems": {
      "type": "integer"
    },
    "DeliveryType": {
      "type": "string"
    },
    "DeliveryAddress": {
      "type": "object",
      "javaType": "com.bdt.kafka.types.DeliveryAddress",
      "properties": {
        "AddressLine": {
          "type": "string"
        },
        "City": {
          "type": "string"
        },
        "State": {
          "type": "string"
        },
        "ZipCode": {
          "type": "string"
        },
        "ContactNumber": {
          "type": "string"
        }
      }
    }
  }
}