[
    {
        "AddressLine": "HN. 535, 4472 Eu St.",
        "City": "Des Moines",
        "State": "Iowa",
        "ZipCode": "86782",
        "ContactNumber": ""
    },
    {
        "AddressLine": "7418 Main St.",
        "City": "Cary",
        "State": "North Carolian",
        "ZipCode": "71078",
        "ContactNumber": ""
    },
    {
        "AddressLine": "32-118 Jack Ave",
        "City": "Panama City",
        "State": "Florida",
        "ZipCode": "70162",
        "ContactNumber": ""
    },
    {
        "AddressLine": "773 Eu Ave",
        "City": "New Orleans",
        "State": "Louisiana",
        "ZipCode": "43166",
        "ContactNumber": "99344407621"
    },
    {
        "AddressLine": "7409 Laurel Rd.",
        "City": "Jackson",
        "State": "Missouri",
        "ZipCode": "69780",
        "ContactNumber": "8335722516"
    },
    {
        "AddressLine": "7114 Eu, Rd.",
        "City": "Buffalo",
        "State": "New York",
        "ZipCode": "92528",
        "ContactNumber": "4057182750"
    },
    {
        "AddressLine": "Flat No. #658-8929 Arc Rd.",
        "City": "Fresno",
        "State": "California",
        "ZipCode": "95583",
        "ContactNumber": "50159433575"
    },
    {
        "AddressLine": "291-4367 Albany St.",
        "City": "Pleasant Hill",
        "State": "Iowa",
        "ZipCode": "90651",
        "ContactNumber": "75448842134"
    },
    {
        "AddressLine": "2321 Joey Street",
        "City": "Bristol",
        "State": "New Hampshire",
        "ZipCode": "70116",
        "ContactNumber": "1157976639"
    },
    {
        "AddressLine": "5465 Dunford Way.",
        "City": "Dublin",
        "State": "New Hampshire",
        "ZipCode": "18797",
        "ContactNumber": "4515437963"
    },
    {
        "AddressLine": "325-2029 Arc, Ave",
        "City": "Keene",
        "State": "Illinois",
        "ZipCode": "55612",
        "ContactNumber": "2844494619"
    },
    {
        "AddressLine": "249-7358 Nec St.",
        "City": "Dover",
        "State": "New Mexico",
        "ZipCode": "32667",
        "ContactNumber": "4455024114"
    },
    {
        "AddressLine": "6549 Ancer, Ave",
        "City": "Hudson",
        "State": "Arizona",
        "ZipCode": "69979",
        "ContactNumber": "2758430969"
    },
    {
        "AddressLine": "43434 Willow Street",
        "City": "Portsmouth",
        "State": "New Hampshire",
        "ZipCode": "95368",
        "ContactNumber": "4166559042"
    },
    {
        "AddressLine": "233 Brown Ave.",
        "City": "Conway",
        "State": "Alaska",
        "ZipCode": "73227",
        "ContactNumber": "6382741027"
    },
    {
        "AddressLine": "10 Downey Street",
        "City": "Amherst",
        "State": "Oregon",
        "ZipCode": "47834",
        "ContactNumber": "8593433887"
    },
    {
        "AddressLine": "611-1753 Sugar Avenue",
        "City": "Seabrook",
        "State": "Indiana",
        "ZipCode": "93500",
        "ContactNumber": "3398236143"
    },
    {
        "AddressLine": "3122 Mary Ave",
        "City": "Austin",
        "State": "Texas",
        "ZipCode": "80459",
        "ContactNumber": "8235927974"
    },
    {
        "AddressLine": "5930 Weare Street",
        "City": "Franklin",
        "State": "Virginia",
        "ZipCode": "72661",
        "ContactNumber": "2141075027"
    },
    {
        "AddressLine": "200 Lebanon Road",
        "City": "Milford",
        "State": "Georgia",
        "ZipCode": "14805",
        "ContactNumber": "8645000577"
    },
    {
        "AddressLine": "8612 Non Rd.",
        "City": "Hanover",
        "State": "Michigan",
        "ZipCode": "21083",
        "ContactNumber": "8336980338"
    },
    {
        "AddressLine": "295-7690 Anna Street",
        "City": "Derry",
        "State": "North Dakota",
        "ZipCode": "22810",
        "ContactNumber": "4624129756"
    },
    {
        "AddressLine": "4343 William Ave",
        "City": "Salem",
        "State": "New Hampshire",
        "ZipCode": "75426",
        "ContactNumber": "5741337087"
    },
    {
        "AddressLine": "706-3622 Polk Av.",
        "City": "Windham",
        "State": "South Carolina",
        "ZipCode": "26627",
        "ContactNumber": "8034395531"
    },
    {
        "AddressLine": "6363 Non Rd.",
        "City": "Exeter",
        "State": "Montana",
        "ZipCode": "57088",
        "ContactNumber": "5656699770"
    },
    {
        "AddressLine": "853-9772 Elena Avenue",
        "City": "Claremont",
        "State": "Seattle",
        "ZipCode": "14012",
        "ContactNumber": "5528409181"
    },
    {
        "AddressLine": "773-5039 Lacinia Road",
        "City": "Durham",
        "State": "North Carolina",
        "ZipCode": "55374",
        "ContactNumber": "6772227684"
    },
    {
        "AddressLine": "345 Moss Av.",
        "City": "Belmont",
        "State": "California",
        "ZipCode": "92533",
        "ContactNumber": "8615470547"
    },
    {
        "AddressLine": "94-4263 Tempe St.",
        "City": "Tempe",
        "State": "Arizona",
        "ZipCode": "56347",
        "ContactNumber": "6403786002"
    },
    {
        "AddressLine": "3820 Lotus Av.",
        "City": "Swanzey",
        "State": "Ohio",
        "ZipCode": "53657",
        "ContactNumber": "7336393163"
    },
    {
        "AddressLine": "1852 East St.",
        "City": "Atkinson",
        "State": "New Your",
        "ZipCode": "12023",
        "ContactNumber": "6124913142"
    },
    {
        "AddressLine": "7697 Sona, Road",
        "City": "Richmond",
        "State": "Virginia",
        "ZipCode": "81925",
        "ContactNumber": "6282658715"
    },
    {
        "AddressLine": "8148 Eureka St.",
        "City": "Hooksett",
        "State": "Maine",
        "ZipCode": "97760",
        "ContactNumber": "5692615243"
    },
    {
        "AddressLine": "9728 Acer Ave",
        "City": "Pelham",
        "State": "Iowa",
        "ZipCode": "46305",
        "ContactNumber": "8482561251"
    },
    {
        "AddressLine": "3269 Belmont Rd.",
        "City": "Nashua",
        "State": "New Hampshire",
        "ZipCode": "25773",
        "ContactNumber": "1799428172"
    },
    {
        "AddressLine": "420-9203 Putnam Street",
        "City": "Laconia",
        "State": "Montana",
        "ZipCode": "39200",
        "ContactNumber": "3841876454"
    },
    {
        "AddressLine": "7984 Senator Rd.",
        "City": "Goffstown",
        "State": "Ohio",
        "ZipCode": "90030",
        "ContactNumber": "6125618251"
    },
    {
        "AddressLine": "393-5141 Elm Street",
        "City": "Windham",
        "State": "Virginia",
        "ZipCode": "20908",
        "ContactNumber": "8862122529"
    },
    {
        "AddressLine": "2465 Larson Street",
        "City": "Laconia",
        "State": "Maryland",
        "ZipCode": "63738",
        "ContactNumber": "2662305605"
    },
    {
        "AddressLine": "467-7967 Church Street",
        "City": "Alton",
        "State": "Georgia",
        "ZipCode": "98371",
        "ContactNumber": "6577421741"
    },
    {
        "AddressLine": "644-1102 Queen Road",
        "City": "Charlestown",
        "State": "Arizona",
        "ZipCode": "51302",
        "ContactNumber": "7979432420"
    },
    {
        "AddressLine": "4763 Turner Street",
        "City": "Atlanta",
        "State": "Georgia",
        "ZipCode": "55272",
        "ContactNumber": "3419930245"
    },
    {
        "AddressLine": "582-5177 Peach Rd.",
        "City": "Davey",
        "State": "Florida",
        "ZipCode": "53094",
        "ContactNumber": "1158759250"
    },
    {
        "AddressLine": "5509 Utah Street",
        "City": "Chester",
        "State": "Utah",
        "ZipCode": "69205",
        "ContactNumber": "8395635840"
    },
    {
        "AddressLine": "785 Apple Street",
        "City": "Newton",
        "State": "Nevada",
        "ZipCode": "97313",
        "ContactNumber": "3242686167"
    },
    {
        "AddressLine": "265-1062 Sapien Road",
        "City": "Epsom",
        "State": "New Mexico",
        "ZipCode": "89485",
        "ContactNumber": "2503052325"
    },
    {
        "AddressLine": "338-5510 Julie Av.",
        "City": "Barnstead",
        "State": "Indiana",
        "ZipCode": "12790",
        "ContactNumber": "9686763415"
    },
    {
        "AddressLine": "300 Bat Road",
        "City": "Wakefield",
        "State": "Illinois",
        "ZipCode": "42558",
        "ContactNumber": "9875104847"
    },
    {
        "AddressLine": "1407 Actor, St.",
        "City": "New Boston",
        "State": "New Hampshire",
        "ZipCode": "11583",
        "ContactNumber": "2598303301"
    },
    {
        "AddressLine": "715-449 Acre Rd.",
        "City": "Henniker",
        "State": "Maine",
        "ZipCode": "33819",
        "ContactNumber": "5994731583"
    },
    {
        "AddressLine": "2384 W Main St",
        "City": "Chester",
        "State": "Seattle",
        "ZipCode": "76751",
        "ContactNumber": "9801318492"
    },
    {
        "AddressLine": "343 Batter Rd.",
        "City": "Jeffrey",
        "State": "Nevada",
        "ZipCode": "69796",
        "ContactNumber": "7172289826"
    },
    {
        "AddressLine": "6854 Dunbar Street",
        "City": "Plymouth",
        "State": "Kansas",
        "ZipCode": "54795",
        "ContactNumber": "7508353683"
    },
    {
        "AddressLine": "741-3157 Metro Av.",
        "City": "Newport",
        "State": "Indiana",
        "ZipCode": "49095",
        "ContactNumber": "7097939373"
    },
    {
        "AddressLine": "7711 Ace Avenue",
        "City": "Littleton",
        "State": "Michigan",
        "ZipCode": "28226",
        "ContactNumber": "1952031107"
    },
    {
        "AddressLine": "846-8342 Solid Road",
        "City": "Rindge",
        "State": "Delaware",
        "ZipCode": "50771",
        "ContactNumber": "6773875946"
    },
    {
        "AddressLine": "863-3118 Ohio Rd.",
        "City": "Meredith",
        "State": "Colorado",
        "ZipCode": "58793",
        "ContactNumber": "8562646144"
    },
    {
        "AddressLine": "800-9178 Album Street",
        "City": "Rye",
        "State": "Ohio",
        "ZipCode": "13277",
        "ContactNumber": "6883499359"
    },
    {
        "AddressLine": "31-5960 Valerie St.",
        "City": "Hillsborough",
        "State": "North Carolina",
        "ZipCode": "88160",
        "ContactNumber": "6735030289"
    },
    {
        "AddressLine": "3508 Linder Rd.",
        "City": "Conway",
        "State": "New York",
        "ZipCode": "70336",
        "ContactNumber": "9638404068"
    },
    {
        "AddressLine": "316-5621 Lower St.",
        "City": "Hollis",
        "State": "Montana",
        "ZipCode": "33343",
        "ContactNumber": ""
    },
    {
        "AddressLine": "4427 Patton Rd.",
        "City": "Williamsburg",
        "State": "Virginia",
        "ZipCode": "50723",
        "ContactNumber": "1442202063"
    },
    {
        "AddressLine": "6226 Mauris St.",
        "City": "Litchfield",
        "State": "Nevada",
        "ZipCode": "59487",
        "ContactNumber": "8382307048"
    },
    {
        "AddressLine": "855-4409 Doris Street",
        "City": "Bow",
        "State": "Utah",
        "ZipCode": "62745",
        "ContactNumber": "6984835508"
    },
    {
        "AddressLine": "735-1235 Premium Street",
        "City": "Rochester",
        "State": "New York",
        "ZipCode": "10340",
        "ContactNumber": "4331966638"
    },
    {
        "AddressLine": "7319 Dunne Ave",
        "City": "Goffstown",
        "State": "Georgia",
        "ZipCode": "76075",
        "ContactNumber": "7586450222"
    },
    {
        "AddressLine": "5810 Orleans Dr.",
        "City": "Hampton Roads",
        "State": "Virginia",
        "ZipCode": "56119",
        "ContactNumber": "9838697111"
    },
    {
        "AddressLine": "233-9672 Polar. Rd.",
        "City": "Stamford",
        "State": "Massachusetts",
        "ZipCode": "83289",
        "ContactNumber": "8675203394"
    },
    {
        "AddressLine": "529-4520 Lincoln. Ave",
        "City": "Quicy",
        "State": "Arizona",
        "ZipCode": "18378",
        "ContactNumber": "3057906681"
    },
    {
        "AddressLine": "3362 Norwalk Ave",
        "City": "Lynn",
        "State": "Connecticut",
        "ZipCode": "36703",
        "ContactNumber": "2614588263"
    },
    {
        "AddressLine": "9930 Somerville St.",
        "City": "Somerville",
        "State": "Connecticut",
        "ZipCode": "27874",
        "ContactNumber": "4013626333"
    },
    {
        "AddressLine": "35-431 Grander St.",
        "City": "Fairfield",
        "State": "Virginia",
        "ZipCode": "86153",
        "ContactNumber": "2004897617"
    },
    {
        "AddressLine": "488-2166 Class St.",
        "City": "Greenwich",
        "State": "Maine",
        "ZipCode": "83105",
        "ContactNumber": "4355640111"
    },
    {
        "AddressLine": "736-9947 East Av.",
        "City": "Bristol",
        "State": "Maine",
        "ZipCode": "97996",
        "ContactNumber": "9196326946"
    },
    {
        "AddressLine": "444-1842 University Rd.",
        "City": "Bristol",
        "State": "Massachusetts",
        "ZipCode": "56102",
        "ContactNumber": "7243866404"
    },
    {
        "AddressLine": "2923 Tauton Road",
        "City": "Medford",
        "State": "Ohio",
        "ZipCode": "382673",
        "ContactNumber": "3685997991"
    },
    {
        "AddressLine": "517-8912 Nulla St.",
        "City": "Salem",
        "State": "Indiana",
        "ZipCode": "68616",
        "ContactNumber": "8183195143"
    },
    {
        "AddressLine": "5418 Magma Rd.",
        "City": "Westfield",
        "State": "New York",
        "ZipCode": "386032",
        "ContactNumber": "6557358508"
    },
    {
        "AddressLine": "548-8023 Vermont, Rd.",
        "City": "Burlington",
        "State": "Vermont",
        "ZipCode": "94521",
        "ContactNumber": "2509549312"
    },
    {
        "AddressLine": "5674 Shelton Street",
        "City": "Beverly",
        "State": "Utah",
        "ZipCode": "20938",
        "ContactNumber": "4051146489"
    },
    {
        "AddressLine": "6689 Everett Av.",
        "City": "Concord",
        "State": "Maine",
        "ZipCode": "93264",
        "ContactNumber": "8563079826"
    },
    {
        "AddressLine": "201 Revere Av.",
        "City": "Peabody",
        "State": "New Your",
        "ZipCode": "76174",
        "ContactNumber": "7652091989"
    },
    {
        "AddressLine": "6117 William Rd.",
        "City": "Salem",
        "State": "Oregon",
        "ZipCode": "97530",
        "ContactNumber": "9006343802"
    },
    {
        "AddressLine": "7947 Mauris, Av.",
        "City": "Amherst",
        "State": "Rhode Island",
        "ZipCode": "33933",
        "ContactNumber": "5898142373"
    },
    {
        "AddressLine": "6151 Stratford Road",
        "City": "Middletown",
        "State": "Vermont",
        "ZipCode": "34097",
        "ContactNumber": "9083194560"
    },
    {
        "AddressLine": "879-8630 Sadona Road",
        "City": "Salem",
        "State": "Arizona",
        "ZipCode": "82431",
        "ContactNumber": "2805327045"
    },
    {
        "AddressLine": "398-2797 A St",
        "City": "Warwick",
        "State": "Maine",
        "ZipCode": "66025",
        "ContactNumber": "1131794401"
    },
    {
        "AddressLine": "2701 Plural Rd.",
        "City": "Hamden",
        "State": "Utah",
        "ZipCode": "12303",
        "ContactNumber": "4452007276"
    },
    {
        "AddressLine": "1344 California St.",
        "City": "Reno",
        "State": "Nevada",
        "ZipCode": "48105",
        "ContactNumber": "5281218896"
    },
    {
        "AddressLine": "2541 Bangor Street",
        "City": "Bangor",
        "State": "Maine",
        "ZipCode": "91971",
        "ContactNumber": "3677519188"
    },
    {
        "AddressLine": "627-5294 Ohio St.",
        "City": "Carson City",
        "State": "California",
        "ZipCode": "82702",
        "ContactNumber": "7553553297"
    },
    {
        "AddressLine": "691-6564 Lana Rd.",
        "City": "New London",
        "State": "New Hampshire",
        "ZipCode": "38536",
        "ContactNumber": "1115912385"
    },
    {
        "AddressLine": "7563 Valma Rd.",
        "City": "Andover",
        "State": "Maryland",
        "ZipCode": "20130",
        "ContactNumber": "2828547194"
    },
    {
        "AddressLine": "245-5336 Gloucester. Av.",
        "City": "Norwood",
        "State": "Rhode Island",
        "ZipCode": "11409",
        "ContactNumber": "9836944618"
    },
    {
        "AddressLine": "3474 Nam Rd.",
        "City": "Falmouth",
        "State": "Connecticut",
        "ZipCode": "16228",
        "ContactNumber": "6528245422"
    },
    {
        "AddressLine": "527-9373 Atom Rd.",
        "City": "Norwood",
        "State": "Delaware",
        "ZipCode": "13881",
        "ContactNumber": "2356382980"
    },
    {
        "AddressLine": "3433 Salem St.",
        "City": "Vernon",
        "State": "New York",
        "ZipCode": "99112",
        "ContactNumber": "8931080189"
    },
    {
        "AddressLine": "567-3331 Inn St.",
        "City": "Dracut",
        "State": "Ohio",
        "ZipCode": "81358",
        "ContactNumber": "3549212065"
    },
    {
        "AddressLine": "9606 Integer Ave",
        "City": "Woburn",
        "State": "Indiana",
        "ZipCode": "49157",
        "ContactNumber": "7979421441"
    },
    {
        "AddressLine": "32323 Maine Street",
        "City": "Cumberland",
        "State": "Virginia",
        "ZipCode": "35681",
        "ContactNumber": "4117163673"
    }
]