Pepper - Scotch Bonnet,Decatur,Illinois,United States,80
Wine - Cahors Ac 2000 Clos,Chattanooga,Tennessee,United States,69
Coke - Classic 355 Ml,Columbus,Ohio,United States,73
Wine - Sogrape Mateus Rose,Wilmington,North Carolina,United States,22
Vinegar - White,Spartanburg,South Carolina,United States,92
Taro Root,Washington,District of Columbia,United States,45
Huck White Towels,Cincinnati,Ohio,United States,63
Campari,Battle Creek,Michigan,United States,93
Soup - Tomato Mush. Florentine,Corpus Christi,Texas,United States,71
Tomatoes,Atlanta,Georgia,United States,9
Spinach - Spinach Leaf,Austin,Texas,United States,60
Mushroom - Crimini,West Hartford,Connecticut,United States,90
Ice Cream - Life Savers,Huntington,West Virginia,United States,3
Puff Pastry - Sheets,Columbia,South Carolina,United States,70
Sardines,Hartford,Connecticut,United States,10
Table Cloth 72x144 White,Pittsburgh,Pennsylvania,United States,27
Chinese Foods - Thick Noodles,Denver,Colorado,United States,60
Trout - Rainbow Fresh,Columbia,South Carolina,United States,100
Oil - Sesame,Tacoma,Washington,United States,59
Crackers - Soda / Saltins,Providence,Rhode Island,United States,51
Shichimi Togarashi Peppeers,Brooklyn,New York,United States,51
Appetizer - Mango Chevre,Littleton,Colorado,United States,23
Tuna - Sushi Grade,Tacoma,Washington,United States,88
Nutmeg - Ground,Bowie,Maryland,United States,77
Gatorade - Xfactor Berry,Wilkes Barre,Pennsylvania,United States,98
Bread - Burger,Dallas,Texas,United States,25
Oil - Hazelnut,Erie,Pennsylvania,United States,17
Potatoes - Mini White 3 Oz,Alpharetta,Georgia,United States,20
Lobster - Canned Premium,Des Moines,Iowa,United States,86
Bread - Bistro White,Fort Myers,Florida,United States,96
Salmon - Atlantic Skin On,Dallas,Texas,United States,93
Oil - Hazelnut,Pasadena,California,United States,52
Cream - 10%,Colorado Springs,Colorado,United States,80
Appetizer - Southwestern,Flint,Michigan,United States,83
Sage - Ground,Long Beach,California,United States,71
Sherry - Dry,Bozeman,Montana,United States,83
Vodka - Hot Lnferno,Atlanta,Georgia,United States,27
Cranberries - Fresh,London,Kentucky,United States,45
Cheese - Victor Et Berthold,El Paso,Texas,United States,77
Ice Cream Bar - Drumstick,Memphis,Tennessee,United States,15
Sauce - Alfredo,Nashville,Tennessee,United States,19
Oil - Olive Bertolli,Boise,Idaho,United States,43
Chicken - Base,Knoxville,Tennessee,United States,97
Watercress,San Jose,California,United States,26
Pasta - Cannelloni Sheets Fresh,Fort Wayne,Indiana,United States,96
Icecream - Dibs,Cleveland,Ohio,United States,11
Wine - Lou Black Shiraz,Aiken,South Carolina,United States,21
Waffle Stix,Monticello,Minnesota,United States,41
Pork - Shoulder,Oklahoma City,Oklahoma,United States,83
Tart Shells - Sweet 2,Irvine,California,United States,9
Wine - Masi Valpolocell,Aurora,Colorado,United States,45
Ginger - Fresh,Shawnee Mission,Kansas,United States,69
Milk - 2% 250 Ml,Saint Louis,Missouri,United States,75
Cleaner - Pine Sol,South Bend,Indiana,United States,72
Muffin Mix - Blueberry,Rochester,Minnesota,United States,83
Tea - Jasmin Green,San Francisco,California,United States,80
Pastry - Chocolate Marble Tea,Lansing,Michigan,United States,40
Bread - Roll Italian,Beaumont,Texas,United States,57
Sausage - Meat,Orlando,Florida,United States,28
Cafe Royale,Sacramento,California,United States,72
Pasta - Canelloni Single Serve,Kent,Washington,United States,2
Pea - Snow,Roanoke,Virginia,United States,41
Icecream Cone - Areo Chocolate,Long Beach,California,United States,24
Cheese - Woolwich Goat Log,Arlington,Virginia,United States,99
Wine - Cousino Macul Antiguas,Fort Myers,Florida,United States,24
Turkey - Breast Smoked,Atlanta,Georgia,United States,84
Lotus Leaves,Rochester,New York,United States,98
Beans - Green,Hartford,Connecticut,United States,40
Squash - Sunburst,Sparks,Nevada,United States,71
Bread - Pumpernickle Rounds,Fort Worth,Texas,United States,4
Veal - Striploin,Portland,Oregon,United States,29
Duck - Whole,Mobile,Alabama,United States,92
Beef - Ground Medium,Decatur,Illinois,United States,47
Aspic - Clear,Cleveland,Ohio,United States,76
Oil - Olive Extra Virgin,Lincoln,Nebraska,United States,99
Foil Wrap,Jackson,Mississippi,United States,14
Buffalo - Short Rib Fresh,Savannah,Georgia,United States,21
Table Cloth 53x69 White,Anchorage,Alaska,United States,46
V8 Splash Strawberry Banana,Amarillo,Texas,United States,67
Chilli Paste Ginger Garlic,Fresno,California,United States,93
Bag - Regular Kraft 20 Lb,Dallas,Texas,United States,69
Mints - Striped Red,Huntsville,Alabama,United States,69
Sage Ground Wiberg,Wilkes Barre,Pennsylvania,United States,27
Pur Source,Fort Lauderdale,Florida,United States,80
Veal - Brisket Provimibnls,Wilmington,Delaware,United States,4
Wine - Alicanca Vinho Verde,El Paso,Texas,United States,78
Crush - Cream Soda,El Paso,Texas,United States,6
Pork - Back Ribs,Kansas City,Missouri,United States,19
Lamb - Whole Frozen,Minneapolis,Minnesota,United States,78
Bread - Bagels Mini,Gilbert,Arizona,United States,71
Cookies Oatmeal Raisin,Cincinnati,Ohio,United States,28
Sauce Tomato Pouch,Philadelphia,Pennsylvania,United States,39
Veal - Tenderloin Untrimmed,Colorado Springs,Colorado,United States,50
Clams - Littleneck Whole,Baltimore,Maryland,United States,70
Oil - Shorteningliqud Fry,Huntsville,Alabama,United States,89
Peach - Halves,Colorado Springs,Colorado,United States,99
Wine - Champagne Brut Veuve,Raleigh,North Carolina,United States,36
Gherkin,Great Neck,New York,United States,89
Wine - Rhine Riesling Wolf Blass,Washington,District of Columbia,United States,89
Mushroom - Chanterelle Dry,Madison,Wisconsin,United States,11
Apple - Fuji,Orlando,Florida,United States,18
Allspice - Jamaican,Syracuse,New York,United States,64
Bread - Crusty Italian Poly,San Francisco,California,United States,78
Sobe - Orange Carrot,Bronx,New York,United States,61
Soup - Campbells Chicken,Birmingham,Alabama,United States,81
Assorted Desserts,Baton Rouge,Louisiana,United States,13
Trout - Hot Smkd Dbl Fillet,San Diego,California,United States,59
Rice Paper,Jackson,Mississippi,United States,73
Flour - Bran Red,Colorado Springs,Colorado,United States,41
Rambutan,Greenville,South Carolina,United States,33
Tart Shells - Savory 2,Salt Lake City,Utah,United States,52
Passion Fruit,Miami,Florida,United States,94
Cheese - Perron Cheddar,San Antonio,Texas,United States,71
Octopus,Fort Myers,Florida,United States,73
Beef - Tongue Fresh,Jamaica,New York,United States,65
Oil - Olive Bertolli,Louisville,Kentucky,United States,7
Olives - Stuffed,Dallas,Texas,United States,7
Table Cloth 120 Round White,Washington,District of Columbia,United States,21
Sambuca - Opal Nera,Boise,Idaho,United States,15
Flour - Strong,Fort Lauderdale,Florida,United States,6
Garbage Bags - Black,Portland,Oregon,United States,95
Mushroom - King Eryingii,Arlington,Virginia,United States,30
Tomatoes - Cherry,Humble,Texas,United States,81
Spring Roll Wrappers,Dallas,Texas,United States,70
Quail - Jumbo,Topeka,Kansas,United States,72
Carbonated Water - White Grape,Oklahoma City,Oklahoma,United States,7
Leeks - Baby White,Wichita,Kansas,United States,29
Fennel - Seeds,Staten Island,New York,United States,10
Bread Base - Toscano,Akron,Ohio,United States,69
Soup - Campbells Spinach Crm,Saint Petersburg,Florida,United States,20
Sauce - Ranch Dressing,Alexandria,Virginia,United States,2
Longos - Chicken Curried,Baton Rouge,Louisiana,United States,100
Pepper - White Ground,Cincinnati,Ohio,United States,53
Wine - White Riesling Semi - Dry,Wilmington,Delaware,United States,32
Doilies - 10 Paper,Louisville,Kentucky,United States,97
Strawberries,Washington,District of Columbia,United States,16
Truffle Cups - Red,Greenville,South Carolina,United States,83
Tamarind Paste,Las Vegas,Nevada,United States,77
Cheese - Goat,Huntington,West Virginia,United States,65
Fond - Neutral,Roanoke,Virginia,United States,64
Cheese - Cambozola,Salt Lake City,Utah,United States,91
Foam Espresso Cup Plain White,Arlington,Texas,United States,18
Vodka - Lemon Absolut,Miami,Florida,United States,26
Cheese - Colby,Indianapolis,Indiana,United States,95
Cake - Night And Day Choclate,Cincinnati,Ohio,United States,62
Pork Loin Cutlets,Yonkers,New York,United States,81
Juice - Clamato 341 Ml,Dallas,Texas,United States,99
Sauce - Caesar Dressing,Augusta,Georgia,United States,55
Rice Paper,Clearwater,Florida,United States,18
Peppercorns - Green,Baltimore,Maryland,United States,13
Wine - Red Cabernet Sauvignon,Tacoma,Washington,United States,66
Juice - Propel Sport,Boise,Idaho,United States,8
Potatoes - Idaho 100 Count,Houston,Texas,United States,97
Island Oasis - Strawberry,Jefferson City,Missouri,United States,11
Cake - Cheese Cake 9 Inch,Saint Augustine,Florida,United States,95
Beans - Kidney Canned,El Paso,Texas,United States,29
Carroway Seed,Irving,Texas,United States,7
Melon - Watermelon Seedless,Charleston,South Carolina,United States,51
Wine - Blue Nun Qualitatswein,Virginia Beach,Virginia,United States,18
Pate - Liver,San Jose,California,United States,99
Bacardi Limon,Baltimore,Maryland,United States,52
Crab - Meat,Des Moines,Iowa,United States,68
Beef - Cow Feet Split,Newport News,Virginia,United States,36
Cocoa Powder - Dutched,Saint Louis,Missouri,United States,68
Pasta - Gnocchi Potato,Newark,New Jersey,United States,49
Food Colouring - Blue,Van Nuys,California,United States,78
Jam - Strawberry 20 Ml Jar,Daytona Beach,Florida,United States,48
Cheese - Cheddar Old White,Columbus,Ohio,United States,50
Langers - Mango Nectar,Los Angeles,California,United States,89
Pork - Back Short Cut Boneless,Jacksonville,Florida,United States,65
Table Cloth 81x81 Colour,Clearwater,Florida,United States,30
Water - Mineral Natural,Las Cruces,New Mexico,United States,3
Mikes Hard Lemonade,Fullerton,California,United States,40
Muffin Hinge Container 6,Denver,Colorado,United States,57
Sauce - Hp,New Orleans,Louisiana,United States,75
Icecream Bar - Del Monte,El Paso,Texas,United States,66
Appetizer - Seafood Assortment,Daytona Beach,Florida,United States,39
Chinese Foods - Chicken,Milwaukee,Wisconsin,United States,91
Beef Tenderloin Aaa,San Antonio,Texas,United States,12
Wine - George Duboeuf Rose,Lansing,Michigan,United States,78
Cookies - Englishbay Wht,Greensboro,North Carolina,United States,63
Sage Ground Wiberg,San Jose,California,United States,73
Table Cloth 53x53 White,Indianapolis,Indiana,United States,50
Tray - Foam Square 4 - S,Boca Raton,Florida,United States,16
Table Cloth 54x72 Colour,Arlington,Texas,United States,77
Cheese - Mascarpone,Baton Rouge,Louisiana,United States,13
Snapple - Iced Tea Peach,Wichita,Kansas,United States,38
Red Snapper - Fillet Skin On,Saint Louis,Missouri,United States,15
Steam Pan - Half Size Deep,Riverside,California,United States,38
Pork - Suckling Pig,Sacramento,California,United States,16
Wonton Wrappers,Toledo,Ohio,United States,100
Ice Cream Bar - Rolo Cone,Las Vegas,Nevada,United States,72
Flour - Teff,Des Moines,Iowa,United States,40
Wine - Sogrape Mateus Rose,Minneapolis,Minnesota,United States,7
Chocolate - Pistoles Lactee Milk,Huntsville,Alabama,United States,68
Lobster - Base,Portland,Oregon,United States,82
Macaroons - Homestyle Two Bit,Kansas City,Missouri,United States,97
Coffee - Hazelnut Cream,Valley Forge,Pennsylvania,United States,86
Ginger - Pickled,Denver,Colorado,United States,4
Smirnoff Green Apple Twist,Jamaica,New York,United States,82
Cheese - Grana Padano,Milwaukee,Wisconsin,United States,2
Muffin Hinge Container 6,Atlanta,Georgia,United States,46
Nori Sea Weed - Gold Label,Montgomery,Alabama,United States,28
Capers - Pickled,Pomona,California,United States,79
Wine - Chardonnay Mondavi,Little Rock,Arkansas,United States,28
Brocolinni - Gaylan Chinese,Pensacola,Florida,United States,28
Ice - Clear 300 Lb For Carving,Arlington,Virginia,United States,56
Shrimp - 16/20 Iqf Shell On,Lansing,Michigan,United States,21
Lettuce - Green Leaf,Lincoln,Nebraska,United States,9
Wine - Cava Aria Estate Brut,Falls Church,Virginia,United States,20
Wine - Lou Black Shiraz,Birmingham,Alabama,United States,6
Coconut - Whole,West Palm Beach,Florida,United States,39
Banana - Green,Silver Spring,Maryland,United States,97
Bread - Burger,Raleigh,North Carolina,United States,45
Chivas Regal - 12 Year Old,El Paso,Texas,United States,11
Sauce - Salsa,Houston,Texas,United States,8
Beef - Rouladin Sliced,Brooklyn,New York,United States,19
Soho Lychee Liqueur,Washington,District of Columbia,United States,61
Wine - Red Cooking,Lubbock,Texas,United States,95
Cinnamon - Stick,Stamford,Connecticut,United States,12
Cilantro / Coriander - Fresh,El Paso,Texas,United States,50
Flower - Carnations,Pasadena,California,United States,23
Lamb - Ground,Humble,Texas,United States,7
Thyme - Lemon Fresh,Clearwater,Florida,United States,69
Cheese - Mix,Seattle,Washington,United States,60
Beets - Candy Cane Organic,Longview,Texas,United States,70
Flour - So Mix Cake White,Sacramento,California,United States,33
Higashimaru Usukuchi Soy,Detroit,Michigan,United States,44
Wine - Wyndham Estate Bin 777,New York City,New York,United States,76
Lemonade - Natural 591 Ml,Tacoma,Washington,United States,20
Oranges - Navel 72,Richmond,Virginia,United States,97
Wine - Red Harrow Estates Cab,Tucson,Arizona,United States,79
Lemon Balm - Fresh,Sacramento,California,United States,96
Pasta - Penne Primavera Single,Durham,North Carolina,United States,18
Cheese - Mascarpone,Sioux City,Iowa,United States,76
Yucca,Billings,Montana,United States,77
Bread - Olive Dinner Roll,Richmond,Virginia,United States,52
Lemonade - Kiwi 591 Ml,Fargo,North Dakota,United States,26
Yogurt - Raspberry 175 Gr,El Paso,Texas,United States,77
Pastry - Baked Scones - Mini,Reno,Nevada,United States,51
Milk - 2%,Harrisburg,Pennsylvania,United States,7
Puree - Mocha,Glendale,California,United States,24
Seabream Whole Farmed,Watertown,Massachusetts,United States,13
Gelatine Leaves - Envelopes,New York City,New York,United States,59
Sugar - Splenda Sweetener,Scranton,Pennsylvania,United States,49
Cheese - Le Cheve Noir,Battle Creek,Michigan,United States,98
Latex Rubber Gloves Size 9,Bethesda,Maryland,United States,66
Potatoes - Instant Mashed,Akron,Ohio,United States,52
Banana Turning,Pensacola,Florida,United States,30
Tomato Paste,Toledo,Ohio,United States,100
Pastry - Apple Muffins - Mini,Marietta,Georgia,United States,16
Blueberries,Battle Creek,Michigan,United States,82
Chips Potato Salt Vinegar 43g,Roanoke,Virginia,United States,30
Apple - Granny Smith,Ashburn,Virginia,United States,60
Lettuce - Treviso,Kalamazoo,Michigan,United States,97
Soup - Knorr Chicken Gumbo,Houston,Texas,United States,54
Gin - Gilbeys London Dry,New Haven,Connecticut,United States,15
Durian Fruit,Grand Rapids,Michigan,United States,40
Sauce - Salsa,Albany,New York,United States,37
Bacardi Raspberry,Clearwater,Florida,United States,45
Oil - Pumpkinseed,Milwaukee,Wisconsin,United States,90
Wine - Chardonnay Mondavi,Little Rock,Arkansas,United States,22
Wine - Fino Tio Pepe Gonzalez,Longview,Texas,United States,20
Juice - Orange,Silver Spring,Maryland,United States,100
Chilli Paste Ginger Garlic,Cincinnati,Ohio,United States,94
Banana,Bloomington,Indiana,United States,61
Wine - Rubyport,New York City,New York,United States,90
Cognac - Courvaisier,El Paso,Texas,United States,65
Myers Planters Punch,Austin,Texas,United States,16
Water - Spring Water 500ml,Bethesda,Maryland,United States,23
Wine - Red Antinori Santa,San Diego,California,United States,61
Wine - Magnotta White,Spokane,Washington,United States,18
Halibut - Steaks,Fort Worth,Texas,United States,48
Snapple - Mango Maddness,Chicago,Illinois,United States,27
Doilies - 5 Paper,Brooksville,Florida,United States,92
Cheese - Parmigiano Reggiano,Charlottesville,Virginia,United States,69
Pineapple - Canned Rings,Raleigh,North Carolina,United States,37
Cookie Chocolate Chip With,Saint Cloud,Minnesota,United States,40
Cheese - Mozzarella,Louisville,Kentucky,United States,55
Crab - Dungeness Whole live,Loretto,Minnesota,United States,97
Pie Pecan,Sacramento,California,United States,73
Gherkin - Sour,Atlanta,Georgia,United States,97
Pie Filling - Apple,Shreveport,Louisiana,United States,25
Lid - 16 Oz And 32 Oz,Sacramento,California,United States,92
V8 Splash Strawberry Kiwi,Austin,Texas,United States,15
Flour - So Mix Cake White,Bethlehem,Pennsylvania,United States,72
Pepper - White Whole,Pueblo,Colorado,United States,90
Rice - Wild,Norfolk,Virginia,United States,7
Beer - Rickards Red,Topeka,Kansas,United States,67
Chicken Giblets,New York City,New York,United States,24
Tomatillo,Denver,Colorado,United States,48
Goat - Whole Cut,Amarillo,Texas,United States,18
Container - Clear 16 Oz,Topeka,Kansas,United States,22
Chicken - Whole,Aiken,South Carolina,United States,3
Lentils - Red Dry,South Lake Tahoe,California,United States,93
Sprite Diet - 355ml,Sacramento,California,United States,69
Napkin - Cocktailbeige 2 - Ply,Jackson,Mississippi,United States,98
Spring Roll Wrappers,Clearwater,Florida,United States,47
Uniform Linen Charge,Jeffersonville,Indiana,United States,48
Garlic,Greensboro,North Carolina,United States,79
Haggis,San Antonio,Texas,United States,89
Horseradish Root,San Antonio,Texas,United States,55
Jam - Raspberry,Salt Lake City,Utah,United States,18
Butter - Salted,Las Vegas,Nevada,United States,39
Bagel - Ched Chs Presliced,Bridgeport,Connecticut,United States,55
Quinoa,Des Moines,Iowa,United States,4
Table Cloth 62x114 White,El Paso,Texas,United States,96
Nestea - Ice Tea Diet,Louisville,Kentucky,United States,3
Grapes - Green,Rochester,New York,United States,35
Rice - Jasmine Sented,Kansas City,Missouri,United States,34
Flour - Semolina,Greensboro,North Carolina,United States,26
Energy - Boo - Koo,Des Moines,Iowa,United States,34
Napkin - Beverage 1 Ply,Palatine,Illinois,United States,83
Halibut - Fletches,Kansas City,Missouri,United States,5
Flour - Corn Fine,Carol Stream,Illinois,United States,54
Wine - White Antinore Orvieto,New Bedford,Massachusetts,United States,65
Mushroom - Porcini Frozen,Houston,Texas,United States,37
Cookies - Assorted,Birmingham,Alabama,United States,24
Veal - Bones,Los Angeles,California,United States,57
Wine - Taylors Reserve,Greensboro,North Carolina,United States,84
Wild Boar - Tenderloin,Gatesville,Texas,United States,66
Dish Towel,Houston,Texas,United States,61
Pepper - Green Thai,Migrate,Kentucky,United States,35
Anisette - Mcguiness,Washington,District of Columbia,United States,65
Skirt - 29 Foot,Chicago,Illinois,United States,42
Longos - Greek Salad,Detroit,Michigan,United States,96
Cabbage - Savoy,Shawnee Mission,Kansas,United States,67
Mix - Cocktail Strawberry Daiquiri,Washington,District of Columbia,United States,2
Schnappes - Peach Walkers,Santa Fe,New Mexico,United States,68
Egg Patty Fried,Philadelphia,Pennsylvania,United States,55
Miso Paste White,Roanoke,Virginia,United States,11
Bread - Multigrain Oval,Wilkes Barre,Pennsylvania,United States,85
Galliano,New Brunswick,New Jersey,United States,20
Peach - Halves,Birmingham,Alabama,United States,65
Plums - Red,Minneapolis,Minnesota,United States,86
Shichimi Togarashi Peppeers,New York City,New York,United States,94
Wine - Chianti Classica Docg,Milwaukee,Wisconsin,United States,51
Venison - Striploin,Atlanta,Georgia,United States,10
Wine - Fume Blanc Fetzer,Buffalo,New York,United States,15
Energy Drink Red Bull,Fairbanks,Alaska,United States,85
Pail - 4l White With Handle,Oklahoma City,Oklahoma,United States,87
Food Colouring - Red,Birmingham,Alabama,United States,30
Artichokes - Jerusalem,Sacramento,California,United States,14
Rootbeer,Washington,District of Columbia,United States,55
Plate Pie Foil,Saint Louis,Missouri,United States,25
Wine - Fume Blanc Fetzer,Boston,Massachusetts,United States,57
Silicone Paper 16.5x24,Tallahassee,Florida,United States,47
Veal - Brisket Provimi Bone - In,Fort Worth,Texas,United States,82
Container - Hngd Cll Blk 7x7x3,Tampa,Florida,United States,83
Daves Island Stinger,Greenville,South Carolina,United States,63
Mushroom - Oyster Fresh,Salt Lake City,Utah,United States,52
Flour - So Mix Cake White,Stamford,Connecticut,United States,86
Pork - Loin Center Cut,Longview,Texas,United States,77
Sauerkraut,El Paso,Texas,United States,22
Wine - Magnotta - Bel Paese White,Albuquerque,New Mexico,United States,38
Flower - Dish Garden,Canton,Ohio,United States,63
Tart - Pecan Butter Squares,Lafayette,Louisiana,United States,27
Shiro Miso,Austin,Texas,United States,52
Dr. Pepper - 355ml,Baton Rouge,Louisiana,United States,30
Sesame Seed,Savannah,Georgia,United States,7
Lid Tray - 16in Dome,Laurel,Maryland,United States,65
Pesto - Primerba Paste,Charlottesville,Virginia,United States,5
Beef - Short Loin,Camden,New Jersey,United States,8
Mushroom - Crimini,Lansing,Michigan,United States,97
Croissants Thaw And Serve,Minneapolis,Minnesota,United States,92
Grapes - Red,Indianapolis,Indiana,United States,30
Cheese - Briedanish,Cincinnati,Ohio,United States,29
Waffle Stix,Los Angeles,California,United States,7
Soupfoamcont12oz 112con,London,Kentucky,United States,83
Soup - Base Broth Chix,New York City,New York,United States,14
Apricots Fresh,Saint Louis,Missouri,United States,36
Rice Wine - Aji Mirin,Erie,Pennsylvania,United States,27
Beer - Sleemans Honey Brown,Omaha,Nebraska,United States,94
Sparkling Wine - Rose Freixenet,San Jose,California,United States,83
Campari,Huntington,West Virginia,United States,58
Bagels Poppyseed,Columbus,Mississippi,United States,61
Tomatillo,Monroe,Louisiana,United States,20
Parsnip,Saint Paul,Minnesota,United States,78
Cheese - Cheddar Medium,Decatur,Illinois,United States,59
Cup - Paper 10oz 92959,Beaufort,South Carolina,United States,53
Poppy Seed,Washington,District of Columbia,United States,71
Lid Coffee Cup 8oz Blk,New Hyde Park,New York,United States,55
Chips Potato Salt Vinegar 43g,Largo,Florida,United States,81
Beef - Striploin Aa,Oakland,California,United States,91
Ice Cream - Fudge Bars,El Paso,Texas,United States,97
Appetizer - Shrimp Puff,Nashville,Tennessee,United States,36
Wine - White Riesling Henry Of,Fresno,California,United States,62
Pork - Sausage Casing,Fort Lauderdale,Florida,United States,45
Chicken - Leg Boneless,Alexandria,Virginia,United States,88
Lobster - Baby Boiled,Charleston,West Virginia,United States,90
Wine - Two Oceans Cabernet,Corpus Christi,Texas,United States,35
Water - Mineral Carbonated,Savannah,Georgia,United States,67
Lettuce - Baby Salad Greens,Wilmington,Delaware,United States,50
Sesame Seed,Santa Cruz,California,United States,76
Tea - Black Currant,Portland,Oregon,United States,84
Mop Head - Cotton 24 Oz,Bellevue,Washington,United States,59
Cassis,Houston,Texas,United States,21
Sausage - Chorizo,Orlando,Florida,United States,27
Emulsifier,Washington,District of Columbia,United States,87
Foil - 4oz Custard Cup,Atlanta,Georgia,United States,95
Cornflakes,Honolulu,Hawaii,United States,35
Wine - Merlot Vina Carmen,Boise,Idaho,United States,94
Ham - Cooked Italian,Tampa,Florida,United States,93
Jam - Blackberry 20 Ml Jar,Los Angeles,California,United States,50
Juice - Cranberry 284ml,Washington,District of Columbia,United States,55
Gelatine Powder,New Orleans,Louisiana,United States,79
Macaroons - Homestyle Two Bit,Nashville,Tennessee,United States,48
Dip - Tapenade,Detroit,Michigan,United States,73
Calypso - Lemonade,Canton,Ohio,United States,75
Mace Ground,Fresno,California,United States,76
Red Pepper Paste,Columbus,Georgia,United States,47
Goulash Seasoning,Oakland,California,United States,96
Grenadine,Gastonia,North Carolina,United States,89
Melon - Watermelon Yellow,San Jose,California,United States,55
Chick Peas - Dried,Anaheim,California,United States,45
Juice - Clamato 341 Ml,Katy,Texas,United States,71
Wine - Barbera Alba Doc 2001,Oklahoma City,Oklahoma,United States,16
Lobster - Live,Omaha,Nebraska,United States,15
Water Tap,Oklahoma City,Oklahoma,United States,17
Cactus Pads,Wichita,Kansas,United States,65
Shallots,Bethlehem,Pennsylvania,United States,22
Wine - Shiraz Wolf Blass Premium,El Paso,Texas,United States,52
Icecream - Dstk Super Cone,Daytona Beach,Florida,United States,41
Beans - French,Colorado Springs,Colorado,United States,11
Grapefruit - White,Detroit,Michigan,United States,41
Chocolate Bar - Oh Henry,Syracuse,New York,United States,63
Beef - Prime Rib Aaa,Greenville,South Carolina,United States,55
Mushroom - Oyster Fresh,Sacramento,California,United States,25
Soup - Campbells Mushroom,Oakland,California,United States,19
Flour - Teff,Toledo,Ohio,United States,15
Cookie - Dough Variety,Scottsdale,Arizona,United States,96
Cape Capensis - Fillet,Columbus,Ohio,United States,12
Lambcasing,Bradenton,Florida,United States,47
Cream - 18%,Santa Fe,New Mexico,United States,53
Cranberries - Fresh,Atlanta,Georgia,United States,99
Cheese - Woolwich Goat Log,Chicago,Illinois,United States,51
External Supplier,Worcester,Massachusetts,United States,90
Sauce - Soya Dark,Jefferson City,Missouri,United States,53
Basil - Thai,Lincoln,Nebraska,United States,68
Wine - Chateauneuf Du Pape,Corpus Christi,Texas,United States,71
Soup - Campbells Beef Stew,Albany,New York,United States,6
Beef - Sushi Flat Iron Steak,El Paso,Texas,United States,80
Sherbet - Raspberry,Kansas City,Missouri,United States,32
Oil - Coconut,Richmond,Virginia,United States,71
Paper Towel Touchless,Madison,Wisconsin,United States,70
Tortillas - Flour 12,Charlotte,North Carolina,United States,85
Beef - Inside Round,Alpharetta,Georgia,United States,32
Soy Protein,Charleston,West Virginia,United States,61
Chinese Foods - Plain Fried Rice,Reston,Virginia,United States,38
Cinnamon Buns Sticky,Olympia,Washington,United States,74
Squash - Guords,Pompano Beach,Florida,United States,27
Nougat - Paste / Cream,New Haven,Connecticut,United States,72
Ecolab Silver Fusion,Wilmington,Delaware,United States,62
Bacon Strip Precooked,Buffalo,New York,United States,74
Dr. Pepper - 355ml,Arlington,Texas,United States,22
Pasta - Agnolotti - Butternut,Chicago,Illinois,United States,21
Pie Shells 10,Buffalo,New York,United States,27
Juice - Clamato 341 Ml,Indianapolis,Indiana,United States,26
Sping Loaded Cup Dispenser,Sacramento,California,United States,81
Sugar - Fine,Fort Wayne,Indiana,United States,23
Nectarines,Littleton,Colorado,United States,66
Pails With Lids,Nashville,Tennessee,United States,63
Buffalo - Striploin,Houston,Texas,United States,99
Cucumber - Pickling Ontario,San Luis Obispo,California,United States,63
Wine - Pinot Noir Mondavi Coastal,Muskegon,Michigan,United States,62
Jolt Cola - Electric Blue,Chicago,Illinois,United States,39
Muffin - Mix - Creme Brule 15l,Wilmington,Delaware,United States,48
Vinegar - Champagne,Philadelphia,Pennsylvania,United States,84
Sugar - Invert,Stockton,California,United States,92
Chicken - Base,Chicago,Illinois,United States,54
Shrimp - 150 - 250,Dallas,Texas,United States,63
Cabbage - Savoy,Baton Rouge,Louisiana,United States,3
Mustard - Seed,Philadelphia,Pennsylvania,United States,38
Sprouts - Peppercress,Tampa,Florida,United States,14
Beef - Top Sirloin - Aaa,Lansing,Michigan,United States,89
Sauce Bbq Smokey,San Diego,California,United States,40
Oil - Grapeseed Oil,New York City,New York,United States,48
Chicken - Thigh Bone In,Sioux City,Iowa,United States,87
Beer - Moosehead,Camden,New Jersey,United States,88
Ecolab Silver Fusion,Omaha,Nebraska,United States,53
Spinach - Frozen,Elmira,New York,United States,68
Pepper - Paprika Hungarian,Trenton,New Jersey,United States,49
Marjoram - Fresh,Austin,Texas,United States,37
Onions - Red Pearl,Charleston,South Carolina,United States,34
Sping Loaded Cup Dispenser,El Paso,Texas,United States,41
Steampan Lid,New York City,New York,United States,48
Wine - Red Mouton Cadet,Lake Worth,Florida,United States,13
Chicken - Soup Base,Duluth,Georgia,United States,54
Pepper - Black Crushed,Birmingham,Alabama,United States,100
Eggplant - Regular,Canton,Ohio,United States,13
Cheese - Cheddar Old White,Newark,Delaware,United States,4
Country Roll,Washington,District of Columbia,United States,72
Wanton Wrap,Woburn,Massachusetts,United States,25
Carrots - Purple Organic,Tacoma,Washington,United States,98
Mushroom - Shitake Fresh,Charlotte,North Carolina,United States,46
Compound - Orange,Corpus Christi,Texas,United States,22
Wine - Savigny - Les - Beaune,Fayetteville,North Carolina,United States,70
Lady Fingers,New York City,New York,United States,54
Aspic - Light,Portland,Maine,United States,61
Apple - Granny Smith,Oceanside,California,United States,71
Pickles - Gherkins,Van Nuys,California,United States,38
Bread - Bagels Mini,Staten Island,New York,United States,21
Pears - Bosc,Houston,Texas,United States,65
Bread - Bistro Sour,Los Angeles,California,United States,13
Wine - Merlot Vina Carmen,New York City,New York,United States,94
Soup - Campbells Cream Of,Washington,District of Columbia,United States,54
Island Oasis - Peach Daiquiri,Rockford,Illinois,United States,66
V8 - Vegetable Cocktail,El Paso,Texas,United States,69
Irish Cream - Butterscotch,East Saint Louis,Illinois,United States,54
Bread - Multigrain Loaf,Cincinnati,Ohio,United States,43
Beef - Rouladin Sliced,Tucson,Arizona,United States,60
Vanilla Beans,El Paso,Texas,United States,86
Beer - True North Lager,Newport Beach,California,United States,24
Napkin White - Starched,Richmond,Virginia,United States,33
Savory,Cleveland,Ohio,United States,74
Cheese - Comtomme,Athens,Georgia,United States,35
Shrimp - 16/20 Peeled Deviened,Silver Spring,Maryland,United States,50
Soup - Campbells Chili Veg,Des Moines,Iowa,United States,66
Blouse / Shirt / Sweater,Honolulu,Hawaii,United States,48
True - Vue Containers,Levittown,Pennsylvania,United States,7
Chutney Sauce,Atlanta,Georgia,United States,92
Lemon Balm - Fresh,Richmond,Virginia,United States,20
Wine - White Concha Y Toro,Lancaster,Pennsylvania,United States,60
Extract - Raspberry,Norwalk,Connecticut,United States,22
Duck - Whole,Tulsa,Oklahoma,United States,29
Wine - Mas Chicet Rose Vintage,Los Angeles,California,United States,92
Salmon Atl.whole 8 - 10 Lb,Boston,Massachusetts,United States,14
Broom And Broom Rack White,Fort Collins,Colorado,United States,21
Soup - Base Broth Beef,Cedar Rapids,Iowa,United States,100
Cheese - Goat,Jamaica,New York,United States,53
Beef - Ox Tail Frozen,Wichita,Kansas,United States,86
Muffin Puck Ww Carrot,Saint Louis,Missouri,United States,16
Oil - Shortening - All - Purpose,San Diego,California,United States,72
Squash - Guords,Colorado Springs,Colorado,United States,28
Cloves - Ground,Henderson,Nevada,United States,89
Cookies - Englishbay Wht,Nashville,Tennessee,United States,49
Beef Striploin Aaa,Metairie,Louisiana,United States,89
Sole - Dover Whole Fresh,Houston,Texas,United States,76
Cheese - Pont Couvert,Raleigh,North Carolina,United States,90
Kiwi,Green Bay,Wisconsin,United States,47
Munchies Honey Sweet Trail Mix,San Antonio,Texas,United States,36
Cranberries - Fresh,Charlotte,North Carolina,United States,29
Veal - Insides Provini,Chico,California,United States,43
Snapple Lemon Tea,Washington,District of Columbia,United States,39
Longos - Lasagna Beef,Houston,Texas,United States,29
Catfish - Fillets,El Paso,Texas,United States,72
Bread - Pullman Sliced,Cleveland,Ohio,United States,6
Blueberries - Frozen,Peoria,Illinois,United States,77
Toamtoes 6x7 Select,Greensboro,North Carolina,United States,87
Chip - Potato Dill Pickle,Kansas City,Missouri,United States,65
Juice - Pineapple 48 Oz,Beaumont,Texas,United States,52
Lychee,Warren,Ohio,United States,32
Pepper - Jalapeno,Bakersfield,California,United States,28
Oregano - Dry Rubbed,Charleston,West Virginia,United States,31
Pork Casing,Austin,Texas,United States,75
Tomatoes - Heirloom,Austin,Texas,United States,70
Lamb - Leg Bone In,New York City,New York,United States,10
Cheese - Brick With Pepper,Oakland,California,United States,9
Soup - Campbells Bean Medley,Knoxville,Tennessee,United States,18
Kumquat,Jacksonville,Florida,United States,73
Sausage - Andouille,Austin,Texas,United States,12
Beef - Kindney Whole,El Paso,Texas,United States,35
Salami - Genova,Northridge,California,United States,97
Mushroom - Chanterelle Frozen,Dayton,Ohio,United States,36
Island Oasis - Peach Daiquiri,Albuquerque,New Mexico,United States,31
Wine - White Mosel Gold,Shreveport,Louisiana,United States,37
Bread Sour Rolls,Salt Lake City,Utah,United States,74
Dr. Pepper - 355ml,Houston,Texas,United States,97
Savory,Jacksonville,Florida,United States,84
Asparagus - Frozen,Murfreesboro,Tennessee,United States,39
Onions Granulated,North Hollywood,California,United States,79
Wine - Harrow Estates Vidal,New York City,New York,United States,4
Bandage - Flexible Neon,San Antonio,Texas,United States,70
Soup - Campbells Creamy,Fort Smith,Arkansas,United States,92
Langers - Mango Nectar,Fort Smith,Arkansas,United States,12
Squash - Pattypan Yellow,Wichita,Kansas,United States,97
Table Cloth 90x90 Colour,Knoxville,Tennessee,United States,36
Eggplant - Asian,San Jose,California,United States,6
Soup - Campbellschix Stew,Boise,Idaho,United States,88
Lemonade - Natural 591 Ml,Spring Hill,Florida,United States,95
Alize Sunset,Temple,Texas,United States,90
Towel Multifold,Providence,Rhode Island,United States,44
Pepper - Green Thai,Sacramento,California,United States,36
Avocado,Albany,New York,United States,23
Wooden Mop Handle,San Diego,California,United States,30
Salt - Celery,Seattle,Washington,United States,5
Beer - Maudite,Little Rock,Arkansas,United States,39
Chervil - Fresh,Madison,Wisconsin,United States,63
Ice Cream - Fudge Bars,Brooklyn,New York,United States,31
Ostrich - Fan Fillet,Des Moines,Iowa,United States,34
Cheese - Cottage Cheese,San Francisco,California,United States,99
Soup - Campbells Butternut,Gainesville,Georgia,United States,8
Tart Shells - Savory 4,Bloomington,Illinois,United States,68
Sauce - Gravy Au Jus Mix,Roanoke,Virginia,United States,43
Carrots - Mini Stem On,Columbia,South Carolina,United States,25
Oil - Food Lacquer Spray,Norman,Oklahoma,United States,63
Chicken - White Meat No Tender,Tucson,Arizona,United States,4
Soup - Campbells Lentil,Topeka,Kansas,United States,75
Muffin Chocolate Individual Wrap,Columbia,Missouri,United States,41
Sausage - Breakfast,Mobile,Alabama,United States,66
Shichimi Togarashi Peppeers,Denton,Texas,United States,85
Oil - Olive Extra Virgin,Philadelphia,Pennsylvania,United States,42
Mushroom - Oyster Fresh,San Diego,California,United States,38
Syrup - Monin Amaretta,Sacramento,California,United States,80
Beef - Bones Cut - Up,Schenectady,New York,United States,54
Sauce - Marinara,Saint Paul,Minnesota,United States,24
Wine - Bourgogne 2002 La,Miami,Florida,United States,14
Pastry - Plain Baked Croissant,Pensacola,Florida,United States,27
Tea - Camomele,San Bernardino,California,United States,54
Lamb - Whole Fresh,Miami,Florida,United States,76
Turkey - Oven Roast Breast,Brooklyn,New York,United States,27
Apple - Delicious Golden,Pasadena,California,United States,23
Muffin Mix - Banana Nut,Austin,Texas,United States,41
Beef Tenderloin Aaa,El Paso,Texas,United States,34
Ecolab - Balanced Fusion,Flushing,New York,United States,98
Chocolate - Chips Compound,El Paso,Texas,United States,25
Chevril,Lubbock,Texas,United States,7
Wine - White Pelee Island,Houston,Texas,United States,11
Chicken Giblets,Mobile,Alabama,United States,4
Beef - Short Loin,Tucson,Arizona,United States,67
Spice - Greek 1 Step,Boulder,Colorado,United States,70
Wasabi Paste,New Haven,Connecticut,United States,95
Veal - Leg Provimi - 50 Lb Max,Albany,New York,United States,11
Jello - Assorted,Houston,Texas,United States,80
Island Oasis - Mango Daiquiri,Columbia,Missouri,United States,79
Limes,Houston,Texas,United States,47
Garlic Powder,Racine,Wisconsin,United States,22
Cake - Cheese Cake 9 Inch,Bridgeport,Connecticut,United States,57
Salt - Kosher,Pittsburgh,Pennsylvania,United States,41
Tart Shells - Barquettes Savory,Fort Smith,Arkansas,United States,97
Sprouts - Bean,Long Beach,California,United States,74
Clams - Littleneck Whole,Springfield,Missouri,United States,24
Pasta - Agnolotti - Butternut,Oklahoma City,Oklahoma,United States,51
Pork - Shoulder,Temple,Texas,United States,55
Lobster - Live,Seattle,Washington,United States,27
Octopus - Baby Cleaned,Kissimmee,Florida,United States,29
Mint - Fresh,Texarkana,Texas,United States,49
Pastry - Raisin Muffin - Mini,Boise,Idaho,United States,62
Appetizer - Crab And Brie,Norwalk,Connecticut,United States,4
Wine - Balbach Riverside,Washington,District of Columbia,United States,63
Sausage - Breakfast,Evansville,Indiana,United States,65
Rice Wine - Aji Mirin,Kalamazoo,Michigan,United States,73
Soup - French Onion Dry,Saint Cloud,Minnesota,United States,83
Sesame Seed Black,Tuscaloosa,Alabama,United States,76
Paste - Black Olive,Brooklyn,New York,United States,89
Trueblue - Blueberry Cranberry,Topeka,Kansas,United States,7
Creme De Cacao White,Stockton,California,United States,3
Gatorade - Xfactor Berry,Boise,Idaho,United States,28
Carrots - Jumbo,Shreveport,Louisiana,United States,64
Rosemary - Primerba Paste,San Antonio,Texas,United States,58
Black Currants,Houston,Texas,United States,33
Chicken - Bones,Minneapolis,Minnesota,United States,21
Crab - Soft Shell,Indianapolis,Indiana,United States,89
Cake - Sheet Strawberry,Lawrenceville,Georgia,United States,76
Vol Au Vents,Reno,Nevada,United States,28
Pastry - Banana Tea Loaf,New York City,New York,United States,93
Jam - Strawberry 20 Ml Jar,Bakersfield,California,United States,13
Cheese - Augre Des Champs,Houston,Texas,United States,19
Bagelers - Cinn / Brown Sugar,Toledo,Ohio,United States,60
Sage Ground Wiberg,Terre Haute,Indiana,United States,46
Pepsi 355 Ml,Dallas,Texas,United States,47
Plasticspoonblack,Cedar Rapids,Iowa,United States,23
Syrup - Kahlua Chocolate,Stamford,Connecticut,United States,94
Greens Mustard,Seattle,Washington,United States,78
Beef Ground Medium,Dallas,Texas,United States,27
Salmon - Atlantic Fresh Whole,Peoria,Illinois,United States,9
Carbonated Water - Peach,Fort Worth,Texas,United States,41
Buttons,Waterbury,Connecticut,United States,68
Flower - Daisies,Washington,District of Columbia,United States,14
Squid Ink,Sacramento,California,United States,53
Almonds Ground Blanched,Washington,District of Columbia,United States,72
Lettuce - Arugula,Los Angeles,California,United States,61
Mushroom - Porcini Frozen,Fresno,California,United States,41
Bacardi Breezer - Strawberry,Cincinnati,Ohio,United States,68
Rum - Dark Bacardi Black,Ocala,Florida,United States,14
Nut - Hazelnut Whole,Atlanta,Georgia,United States,17
Soup - Campbells Beef Stew,Phoenix,Arizona,United States,90
Oats Large Flake,Schenectady,New York,United States,3
Oil - Canola,Salem,Oregon,United States,51
Chevril,Kansas City,Missouri,United States,68
Pastry - Butterscotch Baked,Tulsa,Oklahoma,United States,25
Bread - Rolls Corn,Sacramento,California,United States,51
Table Cloth 62x114 Colour,Fresno,California,United States,7
Wine - Cahors Ac 2000 Clos,Saint Petersburg,Florida,United States,26
Wine - Red Gamay Noir,Fort Worth,Texas,United States,28
Wonton Wrappers,Bakersfield,California,United States,73
Maple Syrup,Troy,Michigan,United States,84
Fib N9 - Prague Powder,Irvine,California,United States,45
Gatorade - Cool Blue Raspberry,Saint Cloud,Minnesota,United States,40
Cucumber - English,Pensacola,Florida,United States,61
Wine - Niagara Peninsula Vqa,Naperville,Illinois,United States,56
Broom - Corn,Long Beach,California,United States,94
Pork - Side Ribs,Ogden,Utah,United States,71
Cabbage - Green,San Antonio,Texas,United States,50
Pate Pans Yellow,Greensboro,North Carolina,United States,67
Wine - Cotes Du Rhone Parallele,Tampa,Florida,United States,83
Wine - Zinfandel California 2002,Kent,Washington,United States,6
Longos - Chicken Cordon Bleu,Albuquerque,New Mexico,United States,97
Brandy Apricot,Fairfield,Connecticut,United States,24
Energy Drink Bawls,Lansing,Michigan,United States,12
Pepper - Paprika Hungarian,Littleton,Colorado,United States,57
Flavouring - Raspberry,Tucson,Arizona,United States,73
Wine - Puligny Montrachet A.,Topeka,Kansas,United States,94
Muffin - Bran Ind Wrpd,Charlotte,North Carolina,United States,40
Doilies - 10 Paper,Des Moines,Iowa,United States,58
Muffin Mix - Banana Nut,Houston,Texas,United States,13
Tart Shells - Sweet 4,Saint Louis,Missouri,United States,26
Sansho Powder,Huntington,West Virginia,United States,14
Milk - Homo,Gastonia,North Carolina,United States,30
Muffin Chocolate Individual Wrap,Philadelphia,Pennsylvania,United States,60
Jam - Raspberry,Macon,Georgia,United States,97
Muffin Hinge Container 6,El Paso,Texas,United States,29
Cookie Dough - Chocolate Chip,Bronx,New York,United States,35
Wine - Jaboulet Cotes Du Rhone,Phoenix,Arizona,United States,46
Doilies - 12 Paper,Tallahassee,Florida,United States,48
Capon - Whole,Oklahoma City,Oklahoma,United States,48
Tea - Decaf Lipton,Oklahoma City,Oklahoma,United States,13
Wine - Chardonnay South,Hayward,California,United States,41
Crush - Grape 355 Ml,San Diego,California,United States,37
Bread - Hot Dog Buns,Sacramento,California,United States,85
Haggis,Nashville,Tennessee,United States,68
Soup - Knorr Country Bean,Tulsa,Oklahoma,United States,72
Beans - Soya Bean,Manassas,Virginia,United States,25
Cheese - Asiago,Los Angeles,California,United States,12
Rum - Cream Amarula,Modesto,California,United States,89
Cabbage - Red,Edmond,Oklahoma,United States,7
Pasta - Cannelloni Sheets Fresh,Wilmington,Delaware,United States,99
Pork - Chop Frenched,Washington,District of Columbia,United States,80
Pur Value,Valley Forge,Pennsylvania,United States,57
Container Clear 8 Oz,Suffolk,Virginia,United States,13
Jam - Marmalade Orange,Silver Spring,Maryland,United States,7
Muffin - Banana Nut Individual,Toledo,Ohio,United States,100
Curry Paste - Madras,Springfield,Missouri,United States,51
Yogurt - Plain,Denver,Colorado,United States,68
Wine - Casillero Deldiablo,Newton,Massachusetts,United States,54
Lettuce - Treviso,Fairbanks,Alaska,United States,14
Lettuce - Spring Mix,Washington,District of Columbia,United States,54
Wine - Red Mosaic Zweigelt,Indianapolis,Indiana,United States,17
Bread Base - Gold Formel,Las Vegas,Nevada,United States,86
Basil - Fresh,Corpus Christi,Texas,United States,27
Table Cloth 81x81 Colour,Saint Louis,Missouri,United States,47
Potato - Sweet,Washington,District of Columbia,United States,23
Bread - Triangle White,Norfolk,Virginia,United States,89
Beans - Fava Canned,Pittsburgh,Pennsylvania,United States,26
Milk - 2%,Toledo,Ohio,United States,5
Beef - Shank,Winston Salem,North Carolina,United States,97
Shrimp - 150 - 250,Seattle,Washington,United States,64
Squid Ink,Jackson,Mississippi,United States,58
Cleaner - Bleach,Dallas,Texas,United States,84
Dawn Professionl Pot And Pan,Worcester,Massachusetts,United States,44
Wine - Shiraz South Eastern,Denver,Colorado,United States,57
Puree - Pear,Decatur,Illinois,United States,17
Apple - Macintosh,Santa Fe,New Mexico,United States,65
Apple - Delicious Red,Charlotte,North Carolina,United States,18
Juice - Apple 500 Ml,Aurora,Colorado,United States,58
Cheese - Comtomme,Newark,New Jersey,United States,51
Wine - Manischewitz Concord,El Paso,Texas,United States,13
Silicone Parch. 16.3x24.3,Ocala,Florida,United States,98
Chicken Thigh - Bone Out,Glendale,California,United States,67
Hog / Sausage Casing - Pork,Garland,Texas,United States,28
Spice - Montreal Steak Spice,Omaha,Nebraska,United States,29
Soho Lychee Liqueur,Pocatello,Idaho,United States,34
Pork - Kidney,New Haven,Connecticut,United States,80
Ham - Cooked Bayonne Tinned,Sacramento,California,United States,92
Coffee - Hazelnut Cream,Wichita Falls,Texas,United States,77
Fish - Atlantic Salmon Cold,New York City,New York,United States,60
7up Diet 355 Ml,Warren,Ohio,United States,98
Onions - Red,Topeka,Kansas,United States,77
Pork - European Side Bacon,Albuquerque,New Mexico,United States,17
Compound - Mocha,Wilkes Barre,Pennsylvania,United States,73
Bread - Hamburger Buns,Phoenix,Arizona,United States,71
Pastry - Butterscotch Baked,Charleston,West Virginia,United States,12
Compound - Rum,Madison,Wisconsin,United States,70
V8 - Berry Blend,Pasadena,California,United States,78
Crab - Imitation Flakes,Las Vegas,Nevada,United States,99
Heavy Duty Dust Pan,Little Rock,Arkansas,United States,31
Beets - Candy Cane Organic,Charleston,West Virginia,United States,62
Truffle Cups Green,Saint Louis,Missouri,United States,22
Wine - Casillero Del Diablo,Gilbert,Arizona,United States,46
Bread - Raisin Walnut Pull,Peoria,Illinois,United States,51
Ecolab Crystal Fusion,Winston Salem,North Carolina,United States,73
Rabbit - Whole,Anchorage,Alaska,United States,48
Coriander - Seed,Saint Louis,Missouri,United States,75
Extract - Raspberry,Washington,District of Columbia,United States,26
Vol Au Vents,Greensboro,North Carolina,United States,3
Coriander - Ground,Memphis,Tennessee,United States,83
Muffin Mix - Carrot,Spokane,Washington,United States,28
Tart Shells - Sweet 3,Springfield,Massachusetts,United States,34
7up Diet 355 Ml,Fresno,California,United States,51
Bread - Roll Canadian Dinner,Boise,Idaho,United States,66
Rice Wine - Aji Mirin,Minneapolis,Minnesota,United States,68
Icecream - Dibs,Sacramento,California,United States,30
Appetizer - Veg Assortment,Elizabeth,New Jersey,United States,67
Radish,Jeffersonville,Indiana,United States,41
Appetizer - Cheese Bites,Little Rock,Arkansas,United States,62
Muffin - Bran Ind Wrpd,Philadelphia,Pennsylvania,United States,17
Wine - Red Metus Rose,Seattle,Washington,United States,35
Beef Flat Iron Steak,Los Angeles,California,United States,57
Appetizer - Spring Roll Veg,Los Angeles,California,United States,44
Tart Shells - Sweet 4,Indianapolis,Indiana,United States,97
Asparagus - White Canned,Roanoke,Virginia,United States,89
Coffee - Beans Whole,Dayton,Ohio,United States,59
Kale - Red,Kansas City,Missouri,United States,36
Mushroom - Trumpet Dry,Greensboro,North Carolina,United States,37
Bread - Roll Whole Wheat,Fresno,California,United States,75
Soy Protein,Louisville,Kentucky,United States,96
Cake Circle Foil Scallop,Phoenix,Arizona,United States,58
Ostrich - Fan Fillet,Minneapolis,Minnesota,United States,98
Smirnoff Green Apple Twist,Los Angeles,California,United States,51
Pasta - Cannelloni Sheets Fresh,Lynchburg,Virginia,United States,26
Turnip - Wax,Boston,Massachusetts,United States,93
Oil - Food Lacquer Spray,Colorado Springs,Colorado,United States,8
Silicone Parch. 16.3x24.3,Tyler,Texas,United States,69
Pepper - Red Chili,Mobile,Alabama,United States,82
Orange - Canned Mandarin,Pittsburgh,Pennsylvania,United States,37
Crab - Imitation Flakes,Terre Haute,Indiana,United States,45
Bread - Dark Rye Loaf,Amarillo,Texas,United States,81
Chocolate Liqueur - Godet White,Naples,Florida,United States,96
Red Pepper Paste,Los Angeles,California,United States,67
Bread - Crumbs Bulk,Las Vegas,Nevada,United States,43
Gatorade - Fruit Punch,New York City,New York,United States,75
Chinese Foods - Cantonese,Saint Louis,Missouri,United States,47
Onions - White,Dallas,Texas,United States,35
Sultanas,Memphis,Tennessee,United States,91
Oil - Coconut,Trenton,New Jersey,United States,58
Toamtoes 6x7 Select,Houston,Texas,United States,44
Tortillas - Flour 8,Wilkes Barre,Pennsylvania,United States,74
Onions Granulated,Philadelphia,Pennsylvania,United States,2
Scallops - 20/30,Los Angeles,California,United States,2
Yeast - Fresh Fleischman,Buffalo,New York,United States,10
Sour Puss Sour Apple,Evansville,Indiana,United States,88
Wine - Tio Pepe Sherry Fino,Huntington,West Virginia,United States,83
Tomatoes - Cherry,Dayton,Ohio,United States,22
Flour - Teff,San Francisco,California,United States,62
Juice - Lime,Cincinnati,Ohio,United States,30
Marsala - Sperone Fine D.o.c.,Dallas,Texas,United States,58
Pail For Lid 1537,Norfolk,Virginia,United States,9
Plums - Red,Reno,Nevada,United States,43
Wheat - Soft Kernal Of Wheat,Clearwater,Florida,United States,82
Chicken Thigh - Bone Out,Columbus,Ohio,United States,46
Galliano,Jacksonville,Florida,United States,2
Pate - Peppercorn,Dayton,Ohio,United States,99
Squid Ink,Mesa,Arizona,United States,48
Cheese - Cheddarsliced,Colorado Springs,Colorado,United States,3
Mushroom - Crimini,Atlanta,Georgia,United States,43
Nantucket - Kiwi Berry Cktl.,Kissimmee,Florida,United States,26
Chocolate - Pistoles White,Erie,Pennsylvania,United States,71
Pepper - Black Crushed,Houston,Texas,United States,66
Tomato - Peeled Italian Canned,Austin,Texas,United States,6
Long Island Ice Tea,Birmingham,Alabama,United States,11
Brandy - Bar,Sarasota,Florida,United States,12
Sprouts - Alfalfa,Charlotte,North Carolina,United States,76
Sausage - Chorizo,New York City,New York,United States,72
Beef - Texas Style Burger,Raleigh,North Carolina,United States,54
Soup - Knorr Country Bean,Miami,Florida,United States,96
Stock - Veal Brown,Des Moines,Iowa,United States,71
Beans - Fine,Honolulu,Hawaii,United States,75
Doilies - 12 Paper,Pittsburgh,Pennsylvania,United States,18
Foam Tray S2,Reno,Nevada,United States,79
Potatoes - Yukon Gold 80 Ct,Vancouver,Washington,United States,77
Artichoke - Fresh,Philadelphia,Pennsylvania,United States,81
Pepper - Orange,Harrisburg,Pennsylvania,United States,65
Mcguinness - Blue Curacao,Brooklyn,New York,United States,25
Fireball Whisky,New Orleans,Louisiana,United States,20
Cilantro / Coriander - Fresh,White Plains,New York,United States,57
Fiddlehead - Frozen,Phoenix,Arizona,United States,71
Doilies - 12 Paper,Houston,Texas,United States,24
Tomatoes - Hot House,Lake Worth,Florida,United States,94
Nantucket Pine Orangebanana,Whittier,California,United States,34
Peppercorns - Green,Columbus,Ohio,United States,89
Sponge Cake Mix - Vanilla,Denver,Colorado,United States,5
Cherries - Bing Canned,Jacksonville,Florida,United States,76
Sauce - Salsa,Peoria,Arizona,United States,85
Beets - Pickled,Warren,Michigan,United States,96
Chilli Paste Ginger Garlic,Saint Petersburg,Florida,United States,8
Bread Roll Foccacia,Washington,District of Columbia,United States,2
Mushroom - Shitake Dry,Miami,Florida,United States,58
Bread - Focaccia Quarter,Lakewood,Washington,United States,53
Sweet Pea Sprouts,Newton,Massachusetts,United States,87
Muffin - Zero Transfat,Erie,Pennsylvania,United States,43
Cheese - Gouda,Montgomery,Alabama,United States,22
Tia Maria,Orlando,Florida,United States,52
Soup - Knorr Chicken Noodle,San Jose,California,United States,30
Nut - Pistachio Shelled,Greensboro,North Carolina,United States,37
Ham - Cooked Bayonne Tinned,Beaufort,South Carolina,United States,12
Chicken - Whole,Phoenix,Arizona,United States,29
Plums - Red,Erie,Pennsylvania,United States,45
Wine - Dubouef Macon - Villages,Miami,Florida,United States,78
Ketchup - Tomato,Huntington,West Virginia,United States,69
Milk - Chocolate 500ml,Fargo,North Dakota,United States,62
Wine - Placido Pinot Grigo,Olympia,Washington,United States,64
Graham Cracker Mix,Omaha,Nebraska,United States,41
Ice Cream - Turtles Stick Bar,Saint Louis,Missouri,United States,12
Cheese - Sheep Milk,Houston,Texas,United States,66
Soda Water - Club Soda 355 Ml,Boston,Massachusetts,United States,51
Nut - Peanut Roasted,Memphis,Tennessee,United States,59
Muffin Mix - Lemon Cranberry,Lakeland,Florida,United States,67
Veal - Eye Of Round,Orlando,Florida,United States,90
Bread Fig And Almond,Glendale,California,United States,45
Roe - Lump Fish Red,Washington,District of Columbia,United States,77
Pastry - Plain Baked Croissant,Indianapolis,Indiana,United States,100
Stock - Veal White,Washington,District of Columbia,United States,99
Chicken Giblets,Columbus,Georgia,United States,97
Sauce - Oyster,Allentown,Pennsylvania,United States,100
Olives - Black Pitted,San Francisco,California,United States,65
Apple - Fuji,Worcester,Massachusetts,United States,64
Wine - Conde De Valdemar,Albany,New York,United States,40
Barley - Pearl,Indianapolis,Indiana,United States,89
French Pastry - Mini Chocolate,Dayton,Ohio,United States,76
Creme De Cacao Mcguines,Birmingham,Alabama,United States,24
Cake - Sheet Strawberry,San Antonio,Texas,United States,79
Wine - Ice Wine,Baton Rouge,Louisiana,United States,44
Pasta - Fettuccine Dry,New York City,New York,United States,21
Sponge Cake Mix - Chocolate,Houston,Texas,United States,93
Beer - True North Strong Ale,North Hollywood,California,United States,20
Scrubbie - Scotchbrite Hand Pad,Baton Rouge,Louisiana,United States,88
Chives - Fresh,Richmond,Virginia,United States,64
Veal - Brisket Provimi Bone - In,Bowie,Maryland,United States,59
Rum - Coconut Malibu,Crawfordsville,Indiana,United States,82
Nut - Pine Nuts Whole,Durham,North Carolina,United States,40
Durian Fruit,Savannah,Georgia,United States,44
Rosemary - Dry,Arlington,Virginia,United States,100
Wine - White Lindemans Bin 95,Gulfport,Mississippi,United States,57
Juice - Tomato 48 Oz,Scottsdale,Arizona,United States,53
Pan Grease,Seminole,Florida,United States,92
Ginsing - Fresh,Loretto,Minnesota,United States,96
Onions - Red,Metairie,Louisiana,United States,28
Butter Sweet,Memphis,Tennessee,United States,77
Cherries - Maraschinojar,Spartanburg,South Carolina,United States,54
Currants,Milwaukee,Wisconsin,United States,50
Bread - Pita,Tampa,Florida,United States,88
Wine - White Antinore Orvieto,Houston,Texas,United States,32
Oil - Food Lacquer Spray,Warren,Michigan,United States,73
Ice Cream Bar - Hageen Daz To,Richmond,Virginia,United States,71
Anisette - Mcguiness,Cincinnati,Ohio,United States,41
Beans - Yellow,Las Vegas,Nevada,United States,32
Juice - Apple 341 Ml,Wichita,Kansas,United States,25
Meldea Green Tea Liquor,Washington,District of Columbia,United States,88
Chicken - Tenderloin,Kansas City,Kansas,United States,21
Pectin,Pittsburgh,Pennsylvania,United States,78
Sparkling Wine - Rose Freixenet,Philadelphia,Pennsylvania,United States,24
Gatorade - Xfactor Berry,Denver,Colorado,United States,30
Clams - Canned,Lexington,Kentucky,United States,55
Spice - Pepper Portions,Falls Church,Virginia,United States,86
Rosemary - Dry,Brooklyn,New York,United States,8
Potatoes - Purple Organic,San Diego,California,United States,44
Fuji Apples,New York City,New York,United States,80
Cake Circle Foil Scallop,New York City,New York,United States,99
Aromat Spice / Seasoning,Fairbanks,Alaska,United States,50
Duck - Breast,Raleigh,North Carolina,United States,77
Basil - Thai,Charlotte,North Carolina,United States,53
Silicone Paper 16.5x24,Tampa,Florida,United States,69
Oregano - Dry Rubbed,Annapolis,Maryland,United States,96
Vermouth - White Cinzano,Huntington,West Virginia,United States,5
Glove - Cutting,Winston Salem,North Carolina,United States,95
Oil - Hazelnut,Washington,District of Columbia,United States,15
Peas - Frozen,Punta Gorda,Florida,United States,17
Pasta - Canelloni Single Serve,Philadelphia,Pennsylvania,United States,71
Sauce Tomato Pouch,Hagerstown,Maryland,United States,32
Lobster - Tail 6 Oz,Saint Paul,Minnesota,United States,71
Chicken - Whole Roasting,Conroe,Texas,United States,56
V8 Splash Strawberry Kiwi,Lubbock,Texas,United States,96
Wine - Delicato Merlot,Charlottesville,Virginia,United States,66
Noodles - Cellophane Thin,Springfield,Massachusetts,United States,16
Sausage - Liver,Alexandria,Louisiana,United States,48
Beer - Tetleys,Philadelphia,Pennsylvania,United States,57
Paper - Brown Paper Mini Cups,Philadelphia,Pennsylvania,United States,89
Liners - Banana Paper,Stockton,California,United States,75
V8 - Tropical Blend,Honolulu,Hawaii,United States,55
Kellogs Special K Cereal,Toledo,Ohio,United States,5
Sauce - Cranberry,Albany,New York,United States,53
Fudge - Cream Fudge,Dallas,Texas,United States,80
The Pop Shoppe - Grape,Oklahoma City,Oklahoma,United States,65
Ham Black Forest,Houston,Texas,United States,68
Vinegar - Tarragon,Fort Lauderdale,Florida,United States,67
Wine - Jaboulet Cotes Du Rhone,Kansas City,Kansas,United States,71
Syrup - Monin Irish Cream,Lancaster,Pennsylvania,United States,70
Transfer Sheets,Baltimore,Maryland,United States,15
Veal - Inside,Cleveland,Ohio,United States,81
Gelatine Leaves - Bulk,Arlington,Texas,United States,61
Roe - Lump Fish Red,Austin,Texas,United States,40
Kirsch - Schloss,Worcester,Massachusetts,United States,76
Pork - Shoulder,Columbus,Ohio,United States,31
Chinese Foods - Chicken,Baltimore,Maryland,United States,90
Butter - Salted,Fairbanks,Alaska,United States,35
Bread Base - Gold Formel,Shreveport,Louisiana,United States,78
Oil - Shorteningliqud Fry,Little Rock,Arkansas,United States,33
Pasta - Canelloni,San Jose,California,United States,6
Icecream - Dibs,Brooklyn,New York,United States,5
Shrimp - 31/40,Montgomery,Alabama,United States,8
Pasta - Cappellini Dry,Oklahoma City,Oklahoma,United States,22
Mousse - Banana Chocolate,Dallas,Texas,United States,21
Soup - Knorr Veg / Beef,Washington,District of Columbia,United States,8
Tarragon - Fresh,Idaho Falls,Idaho,United States,40
Wine - Stoneliegh Sauvignon,Sacramento,California,United States,90
Crab - Dungeness Whole,Long Beach,California,United States,79
Cod - Fillets,Colorado Springs,Colorado,United States,53
Soup - Knorr Ministrone,Miami,Florida,United States,26
Muffin - Blueberry Individual,Columbus,Georgia,United States,61
Pomello,Austin,Texas,United States,97
